data,stato,codice_regione,denominazione_regione,lat,long,ricoverati_con_sintomi,terapia_intensiva,totale_ospedalizzati,isolamento_domiciliare,totale_positivi,variazione_totale_positivi,nuovi_positivi,dimessi_guariti,deceduti,casi_da_sospetto_diagnostico,casi_da_screening,totale_casi,tamponi,casi_testati,note,ingressi_terapia_intensiva,note_test,note_casi,totale_positivi_test_molecolare,totale_positivi_test_antigenico_rapido,tamponi_test_molecolare,tamponi_test_antigenico_rapido,codice_nuts_1,codice_nuts_2
2022-12-31T17:00:00,ITA,13,Abruzzo,42.35122196,13.39843823,238,12,250,15497,15747,178,849,617340,3831,,,636918,7279762,1354225,,0,,,241329,395589,2559558,4720204,ITF,ITF1
2022-12-31T17:00:00,ITA,17,Basilicata,40.63947052,15.80514834,47,0,47,7848,7895,139,207,187930,1011,,,196836,1302269,397841,Il dato relativo al numero dei “Casi in isolamento domiciliare” ed ai “Guariti” è in corso di revisione.,0,,,70916,125920,697826,604443,ITF,ITF5
2022-12-31T17:00:00,ITA,18,Calabria,38.90597598,16.59440194,175,9,184,6732,6916,209,903,606789,3212,,,616917,4108641,3168507,,1,,,200150,416767,1856960,2251681,ITF,ITF6
2022-12-31T17:00:00,ITA,15,Campania,40.83956555,14.25084984,371,20,391,44057,44448,1389,2410,2353994,11552,,,2409994,20044797,5334203,,3,,"a seguito delle verifiche odierne, si evince che quattro decessi registrati oggi, risalgono al periodo compreso tra il 19/12 e il 28/12 2022",950766,1459228,9417586,10627211,ITF,ITF3
2022-12-31T17:00:00,ITA,08,Emilia-Romagna,44.49436681,11.3417208,1572,54,1626,20808,22434,-112,1825,2067142,18961,,,2108537,18983718,2946881,,2,,,1084125,1024412,10501668,8482050,ITH,ITH5
2022-12-31T17:00:00,ITA,06,Friuli Venezia Giulia,45.6494354,13.76813649,217,6,223,5092,5315,222,577,554976,5858,,,566149,7557686,1242920,"Il totale dei casi positivi è stato ridotto di 3 a seguito di 1 tampone molecolare negativo dopo test antigenico positivo (caso relativo alla provincia di UD) e a seguito di 2 test positivi rimossi dopo revisione dei casi (casi relativi alla provincia di PN).  Dei 6 decessi oggi riportati, 2 sono avvenuti nei mesi precedenti.",1,,,237031,329118,3770663,3787023,ITH,ITH4
2022-12-31T17:00:00,ITA,12,Lazio,41.89277044,12.48366722,697,24,721,46142,46863,370,2565,2269187,12545,,,2328595,25568449,6049081,,2,,,1031621,1296974,9532202,16036247,ITI,ITI4
2022-12-31T17:00:00,ITA,07,Liguria,44.41149315,8.9326992,384,10,394,4776,5170,-154,535,642835,5772,,,653777,6741225,1493011,,1,,*di cui 48111  reinfezioni a partire dal 3/09/2021 [circ. min sal. n.37911 del 20/08/2021].,281077,372700,2666200,4075025,ITC,ITC3
2022-12-31T17:00:00,ITA,03,Lombardia,45.46679409,9.190347404,1063,35,1098,35163,36261,-1468,3035,3984831,44781,,,4065873,44325588,9088944,,6,,,1530097,2535776,16912658,27412930,ITC,ITC4
2022-12-31T17:00:00,ITA,11,Marche,43.61675973,13.5188753,181,8,189,6345,6534,86,857,693516,4295,,,704345,3696074,2693780,,0,,,222429,481916,2014729,1681345,ITI,ITI3
2022-12-31T17:00:00,ITA,14,Molise,41.55774754,14.65916051,17,0,17,6280,6297,29,97,92905,705,,,99907,779152,732121,,0,,,29054,70853,508189,270963,ITF,ITF2
2022-12-31T17:00:00,ITA,21,P.A. Bolzano,46.49933453,11.35662422,40,1,41,660,701,67,106,287707,1601,,,290009,5531644,860304,"106 nuovi positivi di cui 2 test antigenici confermati da test molecolare, 100 casi diagnosticati con test antigenico e 4 nuovi positivi al test PCR. ",0,,"106 nuovi positivi di cui 2 test antigenici confermati da test molecolare, 100 casi diagnosticati con test antigenico e 4 nuovi positivi al test PCR. ",86718,203291,927378,4604266,ITH,ITH1
2022-12-31T17:00:00,ITA,22,P.A. Trento,46.06893511,11.12123097,54,0,54,998,1052,94,191,238180,1633,,,240865,3004220,601489,,0,,,44590,196275,869527,2134693,ITH,ITH2
2022-12-31T17:00:00,ITA,01,Piemonte,45.0732745,7.680687483,552,12,564,31464,32028,17,1001,1657117,13801,,,1702946,20942293,4344534,,3,,,516370,1186576,5095654,15846639,ITC,ITC1
2022-12-31T17:00:00,ITA,16,Puglia,41.12559576,16.86736689,264,14,278,16069,16347,971,1944,1572032,9428,,,1597807,13484295,2798519,,2,,,509531,1088276,4783232,8701063,ITF,ITF4
2022-12-31T17:00:00,ITA,20,Sardegna,39.21531192,9.110616306,126,5,131,5929,6060,94,308,490555,2870,,,499485,5347691,1755219,,1,,"L'incremento dei nuovi casi tiene conto anche dei casi diagnosticati con test antigenico.   Pertanto si specifica che dei 308 casi dichiarati oggi, 274 sono stati diagnosticati da tampone antigenico ",178556,320929,2208012,3139679,ITG,ITG2
2022-12-31T17:00:00,ITA,19,Sicilia,38.11569725,13.3623567,497,35,532,33012,33544,1087,2097,1734389,12455,,,1780388,16090764,10454139,,1,,,532331,1248057,5215539,10875225,ITG,ITG1
2022-12-31T17:00:00,ITA,09,Toscana,43.76923077,11.25588885,424,18,442,74202,74644,474,1213,1482871,11367,,,1568882,16413098,5359170,,3,,,708771,860111,7047296,9365802,ITI,ITI1
2022-12-31T17:00:00,ITA,10,Umbria,43.10675841,12.38824698,254,6,260,3736,3996,246,612,422624,2354,,,428974,4950490,805217,"- Si fa presente che 1 dei ricoveri non UTI appartengono ai codici disciplina di Ostetricia & Ginecologia e Pediatria. - Si fa presente che 119 dei ricoveri non UTI appartengono ad altri codici disciplina di cui 50 in discipline post-acuto, riabilitative ( cod. 60, 28, 56, 75 )",0,,,157796,271178,1743668,3206822,ITI,ITI2
2022-12-31T17:00:00,ITA,02,Valle d'Aosta,45.73750286,7.320149366,11,0,11,763,774,10,20,48728,564,,,50066,582023,144535,,0,,,16226,33840,145241,436782,ITC,ITC2
2022-12-31T17:00:00,ITA,05,Veneto,45.43490485,12.33845213,871,38,909,49894,50803,632,3044,2578436,16322,,,2645561,36103489,5249578,Nei valori riportati per le terapie intensive si è verificato un disallineamento temporale del flusso informativo pertanto per convenzione è stato riportato  13 dimessi da TI  invece del n. 12 effettivi che include anche i negativizzati.,19,,,1040926,1604635,11183786,24919703,ITH,ITH3
